{
  "calibration_date": "2025-07-01 14:28:21",
  "calibration_points": {
    "ph_4": {
      "raw": 4.1240000000000006,
      "target": 4.0
    },
    "ph_7": {
      "raw": 7.174000000000001,
      "target": 7.0
    },
    "ph_10": {
      "raw": 10.02,
      "target": 10.0
    }
  },
  "calibration_curve": {
    "slope": 1.0172331534273764,
    "intercept": -0.2284587882549376,
    "r_squared": 0.9996011121013018,
    "std_error": 0.020320414913812746
  }
}